feature_id,feature_name,max_activation,threshold,threshold_strategy,train_token_count_filtered,test_token_count_filtered,train_activation_mean,train_activation_std,train_activation_p95,train_activation_p99,test_activation_mean,test_activation_std,test_activation_p95,test_activation_p99,train_positive_count_filtered,test_positive_count_filtered,train_positive_fraction_filtered,test_positive_fraction_filtered,activating_examples_count,probe_a_auc_filtered,probe_b_auc_filtered,probe_c_auc_filtered,probe_a_auc_unfiltered,probe_b_auc_unfiltered,probe_c_auc_unfiltered,train_positive_fraction_unfiltered,test_positive_fraction_unfiltered,train_token_count_unfiltered,test_token_count_unfiltered,balanced_train_size_filtered,balanced_train_size_unfiltered,notes
249,expressions related to financial fraud and ethical considerations in investment practices,91.125,9.1125,dynamic_0.1_max,1562166,438325,0.07189687341451645,1.2292762994766235,0.0,0.0,0.08193347603082657,1.3152153491973877,0.0,0.0,5133,1647,0.003285822377391391,0.003757485883762049,15,0.9196463359911738,0.9369964175320435,0.9182702464822636,0.9196463359911738,0.9369964175320435,0.9182702464822636,0.003285822377391391,0.003757485883762049,1562166.0,438325.0,10266.0,10266.0,unfiltered_not_run_no_padding
500,Feature 500,64.6875,6.46875,dynamic_0.1_max,1562166,438325,0.039013415575027466,1.0094239711761475,0.0,0.0,0.03801233693957329,0.9846808314323425,0.0,0.0,2476,713,0.0015849788050693715,0.0016266468944276507,15,0.9462958512474543,0.9351257498637352,0.9484715571399176,0.9462958512474543,0.9351257498637352,0.9484715571399176,0.0015849788050693715,0.0016266468944276507,1562166.0,438325.0,4952.0,4952.0,unfiltered_not_run_no_padding
501,Feature 501,107.25,10.725000000000001,dynamic_0.1_max,1562166,438325,0.011820799671113491,0.49874573945999146,0.0,0.0,0.013069220818579197,0.4456413686275482,0.0,0.0,510,185,0.00032646978618149417,0.00042206125591741285,15,0.8792484384233596,0.8511834178634745,0.877836190826331,0.8792484384233596,0.8511834178634745,0.877836190826331,0.00032646978618149417,0.00042206125591741285,1562166.0,438325.0,1020.0,1020.0,unfiltered_not_run_no_padding
502,Feature 502,168.375,16.837500000000002,dynamic_0.1_max,1562166,438325,0.02918224222958088,1.4817761182785034,0.0,0.0,0.02266039326786995,1.302249789237976,0.0,0.0,614,140,0.00039304401708909294,0.00031939770718074486,15,0.980508795208808,0.9909133780741664,0.982453953727959,0.980508795208808,0.9909133780741664,0.982453953727959,0.00039304401708909294,0.00031939770718074486,1562166.0,438325.0,1228.0,1228.0,unfiltered_not_run_no_padding
503,Feature 503,125.1875,12.51875,dynamic_0.1_max,1562166,438325,0.12469053268432617,2.7188076972961426,0.0,0.0,0.11696501076221466,2.5999696254730225,0.0,0.0,2978,781,0.001906327496565666,0.0017817829236297267,15,0.9872056620878084,0.9869469663199544,0.9872751674443634,0.9872056620878084,0.9869469663199544,0.9872751674443634,0.001906327496565666,0.0017817829236297267,1562166.0,438325.0,5956.0,5956.0,unfiltered_not_run_no_padding
504,Feature 504,79.9375,7.99375,dynamic_0.1_max,1562166,438325,0.18873262405395508,1.6234815120697021,0.0,9.3828125,0.2013506144285202,1.7192158699035645,0.0,9.591875000000073,21134,6121,0.013528651884626857,0.013964524040380996,15,0.7529643260955884,0.8459573448188545,0.7620642681771601,0.7529643260955884,0.8459573448188545,0.7620642681771601,0.013528651884626857,0.013964524040380996,1562166.0,438325.0,42268.0,42268.0,unfiltered_not_run_no_padding
505,Feature 505,105.0,10.5,dynamic_0.1_max,1562166,438325,0.0768420547246933,1.206958532333374,0.0,0.0,0.058593686670064926,0.9883540272712708,0.0,0.0,4372,966,0.00279867824546175,0.0022038441795471397,15,0.7399527193140181,0.8096954057910468,0.7479639601991431,0.7399527193140181,0.8096954057910468,0.7479639601991431,0.00279867824546175,0.0022038441795471397,1562166.0,438325.0,8744.0,8744.0,unfiltered_not_run_no_padding
506,Feature 506,208.875,20.887500000000003,dynamic_0.1_max,1562166,438325,0.01213158294558525,1.100036382675171,0.0,0.0,0.007888552732765675,0.8321396708488464,0.0,0.0,135,23,8.641847281274845e-05,5.247248046540809e-05,15,0.9956126141336339,0.99811659540682,0.9954700183891472,0.9956126141336339,0.99811659540682,0.9954700183891472,8.641847281274845e-05,5.247248046540809e-05,1562166.0,438325.0,270.0,270.0,unfiltered_not_run_no_padding
507,Feature 507,67.125,6.7125,dynamic_0.1_max,1562166,438325,0.011315973475575447,0.4476349949836731,0.0,0.0,0.005589976906776428,0.2957959771156311,0.0,0.0,1375,214,0.0008801881490187343,0.00048822220954771004,15,0.6864176517635387,0.7605264525951122,0.6874893353212219,0.6864176517635387,0.7605264525951122,0.6874893353212219,0.0008801881490187343,0.00048822220954771004,1562166.0,438325.0,2750.0,2750.0,unfiltered_not_run_no_padding
508,Feature 508,91.25,9.125,dynamic_0.1_max,1562166,438325,0.00886052381247282,0.402561753988266,0.0,0.0,0.006545558571815491,0.33537256717681885,0.0,0.0,663,130,0.0004244107220359424,0.0002965835852392631,15,0.7685159662847678,0.8643793990557418,0.7956040909078941,0.7685159662847678,0.8643793990557418,0.7956040909078941,0.0004244107220359424,0.0002965835852392631,1562166.0,438325.0,1326.0,1326.0,unfiltered_not_run_no_padding
509,Feature 509,137.625,13.762500000000001,dynamic_0.1_max,1562166,438325,0.05510452017188072,1.5180513858795166,0.0,0.0,0.04964663088321686,1.4294004440307617,0.0,0.0,2030,513,0.0012994777763694768,0.0011703644555980152,15,0.9966430556350311,0.9978121422656976,0.9976365860365819,0.9966430556350311,0.9978121422656976,0.9976365860365819,0.0012994777763694768,0.0011703644555980152,1562166.0,438325.0,4060.0,4060.0,unfiltered_not_run_no_padding
510,Feature 510,86.375,8.637500000000001,dynamic_0.1_max,1562166,438325,0.12646734714508057,2.4077675342559814,0.0,0.0,0.11549068242311478,2.2898709774017334,0.0,0.0,5561,1445,0.0035598009430495865,0.003296640620544117,15,0.9301555414328339,0.9496702252968359,0.9303705617182297,0.9301555414328339,0.9496702252968359,0.9303705617182297,0.0035598009430495865,0.003296640620544117,1562166.0,438325.0,11122.0,11122.0,unfiltered_not_run_no_padding
511,Feature 511,118.875,11.887500000000001,dynamic_0.1_max,1562166,438325,0.09769876301288605,1.4186121225357056,0.0,0.0,0.08978394418954849,1.4233819246292114,0.0,0.0,4376,1106,0.0028012387928043497,0.0025232418867278845,15,0.7735335197901969,0.7730905279520952,0.7729542275433972,0.7735335197901969,0.7730905279520952,0.7729542275433972,0.0028012387928043497,0.0025232418867278845,1562166.0,438325.0,8752.0,8752.0,unfiltered_not_run_no_padding
512,Feature 512,101.125,10.1125,dynamic_0.1_max,1562166,438325,0.11585438251495361,1.4941551685333252,0.0,0.0,0.08468859642744064,1.227729320526123,0.0,0.0,7359,1496,0.004710766973548265,0.003412992642445674,15,0.8152649947226012,0.8542442697722011,0.8170516379021426,0.8152649947226012,0.8542442697722011,0.8170516379021426,0.004710766973548265,0.003412992642445674,1562166.0,438325.0,14718.0,14718.0,unfiltered_not_run_no_padding
513,Feature 513,150.125,15.012500000000001,dynamic_0.1_max,1562166,438325,0.047266703099012375,1.3236377239227295,0.0,0.0,0.0461871363222599,1.3520981073379517,0.0,0.0,2398,627,0.0015350481318886725,0.0014304454457309075,15,0.9936253356630805,0.9950369219276933,0.9932514533791525,0.9936253356630805,0.9950369219276933,0.9932514533791525,0.0015350481318886725,0.0014304454457309075,1562166.0,438325.0,4796.0,4796.0,unfiltered_not_run_no_padding
514,Feature 514,70.75,7.075,dynamic_0.1_max,1562166,438325,0.13980112969875336,1.920824408531189,0.0,0.0,0.132767453789711,1.8459713459014893,0.0,0.0,12834,3512,0.008215516148731953,0.0080123196258484,15,0.764193917583202,0.8314911396178601,0.7652837496471069,0.764193917583202,0.8314911396178601,0.7652837496471069,0.008215516148731953,0.0080123196258484,1562166.0,438325.0,25668.0,25668.0,unfiltered_not_run_no_padding
515,Feature 515,190.25,19.025000000000002,dynamic_0.1_max,1562166,438325,0.022919408977031708,0.7861739993095398,0.0,0.0,0.018778802827000618,0.6434193849563599,0.0,0.0,70,4,4.4809578495499195e-05,9.12564877659271e-06,15,,,,,,,,,,,,,insufficient_positive_examples_filtered
516,Feature 516,70.4375,7.04375,dynamic_0.1_max,1562166,438325,0.02258722297847271,0.6159502267837524,0.0,0.0,0.028811722993850708,0.6917961239814758,0.0,0.0,2590,945,0.0016579544043334702,0.002155934523470028,15,0.8936069249288875,0.9014823282745913,0.894043057252166,0.8936069249288875,0.9014823282745913,0.894043057252166,0.0016579544043334702,0.002155934523470028,1562166.0,438325.0,5180.0,5180.0,unfiltered_not_run_no_padding
517,Feature 517,161.125,16.1125,dynamic_0.1_max,1562166,438325,0.11043308675289154,2.7681195735931396,0.0,0.0,0.11719967424869537,2.8346033096313477,0.0,0.0,2565,760,0.0016419509834422205,0.001733873267552615,15,0.9951711384834855,0.9981218925669388,0.995408330311226,0.9951711384834855,0.9981218925669388,0.995408330311226,0.0016419509834422205,0.001733873267552615,1562166.0,438325.0,5130.0,5130.0,unfiltered_not_run_no_padding
518,Feature 518,109.5,10.950000000000001,dynamic_0.1_max,1562166,438325,0.11679335683584213,1.5561212301254272,0.0,0.0,0.1094658225774765,1.654186725616455,0.0,0.0,6423,1595,0.004111598895379876,0.0036388524496663434,15,0.7393626880936961,0.8694659232582529,0.7380073303398217,0.7393626880936961,0.8694659232582529,0.7380073303398217,0.004111598895379876,0.0036388524496663434,1562166.0,438325.0,12846.0,12846.0,unfiltered_not_run_no_padding
519,Feature 519,59.8125,5.98125,dynamic_0.1_max,1562166,438325,0.003064650110900402,0.3181358277797699,0.0,0.0,0.004197851754724979,0.3993588387966156,0.0,0.0,205,62,0.00013122805130824766,0.00014144755603718703,15,0.9811488211563641,0.9910922908052044,0.979798806917602,0.9811488211563641,0.9910922908052044,0.979798806917602,0.00013122805130824766,0.00014144755603718703,1562166.0,438325.0,410.0,410.0,unfiltered_not_run_no_padding
520,Feature 520,101.5625,10.15625,dynamic_0.1_max,1562166,438325,0.19428792595863342,2.14170241355896,0.0,8.1015625,0.19626560807228088,2.1220736503601074,0.0,8.224687500000073,11442,3236,0.007324445673507169,0.0073826498602635035,15,0.9167605915367312,0.9306782340521716,0.9178926855455098,0.9167605915367312,0.9306782340521716,0.9178926855455098,0.007324445673507169,0.0073826498602635035,1562166.0,438325.0,22884.0,22884.0,unfiltered_not_run_no_padding
521,Feature 521,135.125,13.512500000000001,dynamic_0.1_max,1562166,438325,0.13669705390930176,1.6103769540786743,0.0,7.19140625,0.13556420803070068,1.6634091138839722,0.0,0.0,5061,1398,0.003239732525224592,0.0031894142474191527,15,0.8564128934788028,0.8689912240277495,0.855658758014703,0.8564128934788028,0.8689912240277495,0.855658758014703,0.003239732525224592,0.0031894142474191527,1562166.0,438325.0,10122.0,10122.0,unfiltered_not_run_no_padding
522,Feature 522,96.125,9.6125,dynamic_0.1_max,1562166,438325,0.10302647948265076,2.1151013374328613,0.0,0.0,0.10125049948692322,2.066298246383667,0.0,0.0,4240,1213,0.0027141801831559514,0.0027673529915017395,15,0.9298138920351489,0.9164686203412591,0.9266985497345259,0.9298138920351489,0.9164686203412591,0.9266985497345259,0.0027141801831559514,0.0027673529915017395,1562166.0,438325.0,8480.0,8480.0,unfiltered_not_run_no_padding
523,Feature 523,96.6875,9.668750000000001,dynamic_0.1_max,1562166,438325,0.07721570879220963,1.194953203201294,0.0,0.0,0.07227957993745804,1.119188904762268,0.0,0.0,5343,1399,0.003420251112877889,0.0031916956596133006,15,0.7700764168442156,0.8183990862773931,0.7679407910493997,0.7700764168442156,0.8183990862773931,0.7679407910493997,0.003420251112877889,0.0031916956596133006,1562166.0,438325.0,10686.0,10686.0,unfiltered_not_run_no_padding
524,Feature 524,60.9375,6.09375,dynamic_0.1_max,1562166,438325,0.16861918568611145,1.5299997329711914,0.0,8.625,0.15835419297218323,1.4802038669586182,0.0,8.40625,22238,5886,0.014235362951184445,0.013428392174756174,15,0.8489648744025874,0.8818242970923751,0.8238324929975039,0.8489648744025874,0.8818242970923751,0.8238324929975039,0.014235362951184445,0.013428392174756174,1562166.0,438325.0,44476.0,44476.0,unfiltered_not_run_no_padding
525,Feature 525,45.65625,4.565625,dynamic_0.1_max,1562166,438325,0.014448278583586216,0.5461416244506836,0.0,0.0,0.021548990160226822,0.6572887897491455,0.0,0.0,1416,605,0.0009064337592803838,0.0013802543774596476,15,0.9331899085645151,0.941341931103547,0.9348477799687789,0.9331899085645151,0.941341931103547,0.9348477799687789,0.0009064337592803838,0.0013802543774596476,1562166.0,438325.0,2832.0,2832.0,unfiltered_not_run_no_padding
526,Feature 526,230.625,23.0625,dynamic_0.1_max,1562166,438325,0.002632562769576907,0.4325723350048065,0.0,0.0,0.00490954564884305,0.6832685470581055,0.0,0.0,28,20,1.792383139819968e-05,4.562824388296355e-05,15,,,,,,,,,,,,,insufficient_positive_examples_filtered
527,Feature 527,130.75,13.075000000000001,dynamic_0.1_max,1562166,438325,0.03238149359822273,1.0885038375854492,0.0,0.0,0.032831355929374695,1.1037969589233398,0.0,0.0,1187,331,0.0007598424239165364,0.0007551474362630468,15,0.9797819003355963,0.9905418802588958,0.9806679607014165,0.9797819003355963,0.9905418802588958,0.9806679607014165,0.0007598424239165364,0.0007551474362630468,1562166.0,438325.0,2374.0,2374.0,unfiltered_not_run_no_padding
528,Feature 528,154.0,15.4,dynamic_0.1_max,1562166,438325,0.07107654958963394,1.4433953762054443,0.0,0.0,0.03228604793548584,0.6693107485771179,0.0,0.0,1491,73,0.0009544440219541329,0.00016654309017281698,15,0.8340003199510284,0.8530816666560391,0.823149647810061,0.8340003199510284,0.8530816666560391,0.823149647810061,0.0009544440219541329,0.00016654309017281698,1562166.0,438325.0,2982.0,2982.0,unfiltered_not_run_no_padding
529,Feature 529,71.875,7.1875,dynamic_0.1_max,1562166,438325,0.10242565721273422,1.3769031763076782,0.0,0.0,0.09900487959384918,1.353346824645996,0.0,0.0,10961,2995,0.007016539855559525,0.006832829521473792,15,0.8119206192358746,0.855810741621874,0.8168385892812035,0.8119206192358746,0.855810741621874,0.8168385892812035,0.007016539855559525,0.006832829521473792,1562166.0,438325.0,21922.0,21922.0,unfiltered_not_run_no_padding
530,Feature 530,119.875,11.9875,dynamic_0.1_max,1562166,438325,0.013222306035459042,0.6003977656364441,0.0,0.0,0.0020780100021511316,0.1600905954837799,0.0,0.0,553,11,0.00035399567011444366,2.5095534135629955e-05,15,0.8783673970549133,0.8728800482178197,0.8950241980945997,0.8783673970549133,0.8728800482178197,0.8950241980945997,0.00035399567011444366,2.5095534135629955e-05,1562166.0,438325.0,1106.0,1106.0,unfiltered_not_run_no_padding
531,Feature 531,42.40625,4.2406250000000005,dynamic_0.1_max,1562166,438325,0.0017856316408142447,0.16359968483448029,0.0,0.0,0.002023683860898018,0.1935521960258484,0.0,0.0,220,63,0.00014083010384299748,0.0001437289682313352,15,0.9566829561182254,0.985406153005671,0.9631262281104157,0.9566829561182254,0.985406153005671,0.9631262281104157,0.00014083010384299748,0.0001437289682313352,1562166.0,438325.0,440.0,440.0,unfiltered_not_run_no_padding
532,Feature 532,123.5625,12.356250000000001,dynamic_0.1_max,1562166,438325,0.0042367056012153625,0.3893236815929413,0.0,0.0,0.01352011226117611,0.6315152645111084,0.0,0.0,143,157,9.153956749794837e-05,0.0003581817144812639,15,0.9614994545325778,0.9677593778705943,0.9599461356008404,0.9614994545325778,0.9677593778705943,0.9599461356008404,9.153956749794837e-05,0.0003581817144812639,1562166.0,438325.0,286.0,286.0,unfiltered_not_run_no_padding
533,Feature 533,87.625,8.762500000000001,dynamic_0.1_max,1562166,438325,0.06412521749734879,1.2987301349639893,0.0,0.0,0.08573933690786362,1.5216652154922485,0.0,0.0,4074,1607,0.0026079174684380535,0.0036662293959961218,15,0.9212060032114923,0.9098069107508377,0.9207800620338538,0.9212060032114923,0.9098069107508377,0.9207800620338538,0.0026079174684380535,0.0036662293959961218,1562166.0,438325.0,8148.0,8148.0,unfiltered_not_run_no_padding
534,Feature 534,100.25,10.025,dynamic_0.1_max,1562166,438325,0.030444948002696037,0.7936761379241943,0.0,0.0,0.02386384829878807,0.6515969634056091,0.0,0.0,2204,496,0.0014108615857725748,0.0011315804482974962,15,0.9904411559926289,0.9906885644115441,0.9901292592026095,0.9904411559926289,0.9906885644115441,0.9901292592026095,0.0014108615857725748,0.0011315804482974962,1562166.0,438325.0,4408.0,4408.0,unfiltered_not_run_no_padding
535,Feature 535,202.125,20.212500000000002,dynamic_0.1_max,1562166,438325,0.08067711442708969,2.22749400138855,0.0,0.0,0.08855636417865753,2.3648791313171387,0.0,0.0,1373,452,0.0008789078753474342,0.0010311983117549763,15,0.9740480879320709,0.9901222722901692,0.9747228931434011,0.9740480879320709,0.9901222722901692,0.9747228931434011,0.0008789078753474342,0.0010311983117549763,1562166.0,438325.0,2746.0,2746.0,unfiltered_not_run_no_padding
536,Feature 536,191.75,19.175,dynamic_0.1_max,1562166,438325,0.012382647022604942,0.9479795098304749,0.0,0.0,0.01454353891313076,1.0215120315551758,0.0,0.0,172,52,0.00011010353573179803,0.00011863343409570524,15,0.9851718914571863,0.9950260410222009,0.9846437257494407,0.9851718914571863,0.9950260410222009,0.9846437257494407,0.00011010353573179803,0.00011863343409570524,1562166.0,438325.0,344.0,344.0,unfiltered_not_run_no_padding
537,Feature 537,36.5,3.6500000000000004,dynamic_0.1_max,1562166,438325,0.07966794818639755,1.1151835918426514,0.0,0.0,0.08040664345026016,1.104161024093628,0.0,0.0,9511,2775,0.006088341443867041,0.006330918838761193,15,0.9658816556885206,0.9664994525923009,0.9636853265158166,0.9658816556885206,0.9664994525923009,0.9636853265158166,0.006088341443867041,0.006330918838761193,1562166.0,438325.0,19022.0,19022.0,unfiltered_not_run_no_padding
538,Feature 538,71.0625,7.10625,dynamic_0.1_max,1562166,438325,0.10885001718997955,1.204023838043213,0.0,0.0,0.11402802169322968,1.2441092729568481,0.0,0.0,14886,4326,0.00952907693548573,0.009869389151885016,15,0.8843924930289285,0.9168344538360099,0.8836289654553139,0.8843924930289285,0.9168344538360099,0.8836289654553139,0.00952907693548573,0.009869389151885016,1562166.0,438325.0,29772.0,29772.0,unfiltered_not_run_no_padding
539,Feature 539,185.75,18.575,dynamic_0.1_max,1562166,438325,0.015887126326560974,0.7900694012641907,0.0,0.0,0.01928246021270752,0.8488035202026367,0.0,0.0,373,130,0.00023877103969744572,0.0002965835852392631,15,0.9982806653518322,0.994696784975428,0.9970665413273156,0.9982806653518322,0.994696784975428,0.9970665413273156,0.00023877103969744572,0.0002965835852392631,1562166.0,438325.0,746.0,746.0,unfiltered_not_run_no_padding
540,Feature 540,139.0,13.9,dynamic_0.1_max,1562166,438325,0.05534316599369049,1.1187443733215332,0.0,0.0,0.05441396310925484,1.1163580417633057,0.0,0.0,1754,484,0.00112280000973008,0.001104203501967718,15,0.8581291283878836,0.8679919675735717,0.8586920733197215,0.8581291283878836,0.8679919675735717,0.8586920733197215,0.00112280000973008,0.001104203501967718,1562166.0,438325.0,3508.0,3508.0,unfiltered_not_run_no_padding
541,Feature 541,56.125,5.612500000000001,dynamic_0.1_max,1562166,438325,0.05308440700173378,1.1177749633789062,0.0,0.0,0.05720028653740883,1.17965829372406,0.0,0.0,4123,1209,0.0026392841733849028,0.0027582273427251467,15,0.8564238637216608,0.9041305495117933,0.8534296856474345,0.8564238637216608,0.9041305495117933,0.8534296856474345,0.0026392841733849028,0.0027582273427251467,1562166.0,438325.0,8246.0,8246.0,unfiltered_not_run_no_padding
542,Feature 542,165.625,16.5625,dynamic_0.1_max,1562166,438325,0.15743793547153473,2.60025691986084,0.0,0.0,0.08917658776044846,1.860957145690918,0.0,0.0,4870,751,0.0031174663896154442,0.0017133405578052814,15,0.907871173573977,0.9303580514564151,0.9095408611030933,0.907871173573977,0.9303580514564151,0.9095408611030933,0.0031174663896154442,0.0017133405578052814,1562166.0,438325.0,9740.0,9740.0,unfiltered_not_run_no_padding
543,Feature 543,157.375,15.7375,dynamic_0.1_max,1562166,438325,0.0598113052546978,1.3780821561813354,0.0,0.0,0.06847888976335526,1.573309302330017,0.0,0.0,1742,558,0.00111511836770228,0.0012730280043346833,15,0.9414642110109915,0.9684187554052521,0.9471437699469153,0.9414642110109915,0.9684187554052521,0.9471437699469153,0.00111511836770228,0.0012730280043346833,1562166.0,438325.0,3484.0,3484.0,unfiltered_not_run_no_padding
544,Feature 544,135.5,13.55,dynamic_0.1_max,1562166,438325,0.05000689998269081,1.2364448308944702,0.0,0.0,0.051581088453531265,1.1766225099563599,0.0,0.0,2634,742,0.0016861204251020698,0.0016928078480579478,15,0.9156164076947731,0.9249285186053238,0.9154892573849662,0.9156164076947731,0.9249285186053238,0.9154892573849662,0.0016861204251020698,0.0016928078480579478,1562166.0,438325.0,5268.0,5268.0,unfiltered_not_run_no_padding
545,Feature 545,59.03125,5.903125,dynamic_0.1_max,1562166,438325,0.006276496686041355,0.2900673449039459,0.0,0.0,0.003973542712628841,0.21060197055339813,0.0,0.0,896,172,0.0005735626047423897,0.0003924028973934866,15,0.8349424664709084,0.8021810462937472,0.8334926702624159,0.8349424664709084,0.8021810462937472,0.8334926702624159,0.0005735626047423897,0.0003924028973934866,1562166.0,438325.0,1792.0,1792.0,unfiltered_not_run_no_padding
546,Feature 546,43.4375,4.34375,dynamic_0.1_max,1562166,438325,0.05607626214623451,1.5249322652816772,0.0,0.0,0.05091429501771927,1.4443308115005493,0.0,0.0,2380,630,0.0015235256688469728,0.0014372896823133519,15,0.9528467221049955,0.9398364828592498,0.9528679625244585,0.9528467221049955,0.9398364828592498,0.9528679625244585,0.0015235256688469728,0.0014372896823133519,1562166.0,438325.0,4760.0,4760.0,unfiltered_not_run_no_padding
547,Feature 547,48.84375,4.884375,dynamic_0.1_max,1562166,438325,0.039135005325078964,1.0554797649383545,0.0,0.0,0.037527501583099365,1.044921636581421,0.0,0.0,2237,595,0.0014319861013490243,0.0013574402555181658,15,0.9794344850543878,0.9797262039624979,0.9802910930666557,0.9794344850543878,0.9797262039624979,0.9802910930666557,0.0014319861013490243,0.0013574402555181658,1562166.0,438325.0,4474.0,4474.0,unfiltered_not_run_no_padding
548,Feature 548,172.625,17.2625,dynamic_0.1_max,1562166,438325,0.02006753906607628,1.3458201885223389,0.0,0.0,0.008122077211737633,0.814136266708374,0.0,0.0,322,32,0.00020612406107929632,7.300519021274169e-05,15,0.9842225976686828,0.9905947976011481,0.9936183885551446,0.9842225976686828,0.9905947976011481,0.9936183885551446,0.00020612406107929632,7.300519021274169e-05,1562166.0,438325.0,644.0,644.0,unfiltered_not_run_no_padding
549,Feature 549,93.5,9.35,dynamic_0.1_max,1562166,438325,5.823929309844971,9.92503547668457,27.21875,39.59375,5.8386688232421875,9.980508804321289,27.28125,39.78125,431188,121078,0.27601932189024725,0.27622882564307305,15,0.623756358792066,0.7174493290250848,0.621499494220426,0.623756358792066,0.7174493290250848,0.621499494220426,0.27601932189024725,0.27622882564307305,1562166.0,438325.0,862376.0,862376.0,unfiltered_not_run_no_padding
550,Feature 550,138.125,13.8125,dynamic_0.1_max,1562166,438325,0.000691732857376337,0.08522330969572067,0.0,0.0,0.002185735385864973,0.2830257713794708,0.0,0.0,14,14,8.96191569909984e-06,3.1939770718074485e-05,15,,,,,,,,,,,,,insufficient_positive_examples_filtered
551,Feature 551,172.75,17.275000000000002,dynamic_0.1_max,1562166,438325,0.033321261405944824,1.1061930656433105,0.0,0.0,0.03499062359333038,1.1784305572509766,0.0,0.0,583,179,0.0003731997751839433,0.0004083727827525238,15,0.9653147619194917,0.9763505338530686,0.9641489175300282,0.9653147619194917,0.9763505338530686,0.9641489175300282,0.0003731997751839433,0.0004083727827525238,1562166.0,438325.0,1166.0,1166.0,unfiltered_not_run_no_padding
552,Feature 552,112.375,11.2375,dynamic_0.1_max,1562166,438325,0.2083156257867813,2.436469316482544,0.0,7.7265625,0.19869112968444824,2.411848545074463,0.0,7.1875,10230,2748,0.006548599828699383,0.006269320709519193,15,0.8364205448725363,0.9111016307773645,0.8361108225202489,0.8364205448725363,0.9111016307773645,0.8361108225202489,0.006548599828699383,0.006269320709519193,1562166.0,438325.0,20460.0,20460.0,unfiltered_not_run_no_padding
553,Feature 553,58.4375,5.84375,dynamic_0.1_max,1562166,438325,0.10398364812135696,1.313133955001831,0.0,0.0,0.10034596920013428,1.3121976852416992,0.0,0.0,11970,3151,0.007662437922730363,0.007188729823760908,15,0.9180176384780465,0.934565468398924,0.9214678741817055,0.9180176384780465,0.934565468398924,0.9214678741817055,0.007662437922730363,0.007188729823760908,1562166.0,438325.0,23940.0,23940.0,unfiltered_not_run_no_padding
554,Feature 554,134.5,13.450000000000001,dynamic_0.1_max,1562166,438325,0.016724172979593277,0.6276826858520508,0.0,0.0,0.05673939734697342,1.4323736429214478,0.0,0.0,508,599,0.0003251895125101942,0.0013665659042947584,15,0.6908503365668023,0.8224445157019084,0.6854181033519745,0.6908503365668023,0.8224445157019084,0.6854181033519745,0.0003251895125101942,0.0013665659042947584,1562166.0,438325.0,1016.0,1016.0,unfiltered_not_run_no_padding
555,Feature 555,128.375,12.8375,dynamic_0.1_max,1562166,438325,0.07852385938167572,1.468790054321289,0.0,0.0,0.0699424296617508,1.3613826036453247,0.0,0.0,2398,589,0.0015350481318886725,0.0013437517823532766,15,0.8619768101886066,0.8768354998134714,0.867027369304127,0.8619768101886066,0.8768354998134714,0.867027369304127,0.0015350481318886725,0.0013437517823532766,1562166.0,438325.0,4796.0,4796.0,unfiltered_not_run_no_padding
556,Feature 556,69.375,6.9375,dynamic_0.1_max,1562166,438325,0.0606091171503067,1.0555064678192139,0.0,0.0,0.04747505486011505,0.8178274035453796,0.0,0.0,7082,1840,0.004533449070073219,0.004197798437232647,15,0.815716526316209,0.8363935018684342,0.817819096203814,0.815716526316209,0.8363935018684342,0.817819096203814,0.004533449070073219,0.004197798437232647,1562166.0,438325.0,14164.0,14164.0,unfiltered_not_run_no_padding
557,Feature 557,131.0,13.100000000000001,dynamic_0.1_max,1562166,438325,0.08737945556640625,1.707788348197937,0.0,0.0,0.13182593882083893,2.1578221321105957,0.0,0.0,3565,1462,0.0022820878190922093,0.0033354246278446357,15,0.7172951231493739,0.8452068509972133,0.712284529699123,0.7172951231493739,0.8452068509972133,0.712284529699123,0.0022820878190922093,0.0033354246278446357,1562166.0,438325.0,7130.0,7130.0,unfiltered_not_run_no_padding
558,Feature 558,159.375,15.9375,dynamic_0.1_max,1562166,438325,0.07751993834972382,1.4753903150558472,0.0,0.0,0.06326514482498169,1.2652933597564697,0.0,0.0,1907,422,0.001220740945584528,0.000962755945930531,15,0.9151309564726149,0.9246337426563109,0.9163672990056996,0.9151309564726149,0.9246337426563109,0.9163672990056996,0.001220740945584528,0.000962755945930531,1562166.0,438325.0,3814.0,3814.0,unfiltered_not_run_no_padding
559,Feature 559,100.5,10.05,dynamic_0.1_max,1562166,438325,0.049875374883413315,1.3327722549438477,0.0,0.0,0.048552997410297394,1.3070015907287598,0.0,0.0,2451,681,0.0015689753841781218,0.001553641704214909,15,0.9333717351262146,0.9657633711123147,0.9349254423207023,0.9333717351262146,0.9657633711123147,0.9349254423207023,0.0015689753841781218,0.001553641704214909,1562166.0,438325.0,4902.0,4902.0,unfiltered_not_run_no_padding
560,Feature 560,95.6875,9.56875,dynamic_0.1_max,1562166,438325,0.050871290266513824,1.045067310333252,0.0,0.0,0.045881856232881546,1.038987159729004,0.0,0.0,3949,964,0.002527900363981805,0.0021992813551588433,15,0.8786559084222998,0.9387981783063435,0.8774846744195223,0.8786559084222998,0.9387981783063435,0.8774846744195223,0.002527900363981805,0.0021992813551588433,1562166.0,438325.0,7898.0,7898.0,unfiltered_not_run_no_padding
561,Feature 561,165.375,16.5375,dynamic_0.1_max,1562166,438325,0.01693524792790413,0.6203733682632446,0.0,0.0,0.017921775579452515,0.622332751750946,0.0,0.0,312,69,0.0001997226927227964,0.00015741744139622426,15,0.7971215553188686,0.8594895267354823,0.7971845520505783,0.7971215553188686,0.8594895267354823,0.7971845520505783,0.0001997226927227964,0.00015741744139622426,1562166.0,438325.0,624.0,624.0,unfiltered_not_run_no_padding
562,Feature 562,147.25,14.725000000000001,dynamic_0.1_max,1562166,438325,0.014571449719369411,0.681242048740387,0.0,0.0,0.02111808769404888,0.9893983006477356,0.0,0.0,537,227,0.00034375348074404383,0.0005178805680716364,15,0.8185339488038834,0.8674513877298551,0.8225336523280662,0.8185339488038834,0.8674513877298551,0.8225336523280662,0.00034375348074404383,0.0005178805680716364,1562166.0,438325.0,1074.0,1074.0,unfiltered_not_run_no_padding
563,Feature 563,200.375,20.0375,dynamic_0.1_max,1562166,438325,0.015239137224853039,0.8028090596199036,0.0,0.0,0.014858107082545757,0.8728182911872864,0.0,0.0,373,90,0.00023877103969744572,0.00020532709747333598,15,0.9922587956994156,0.9984073486701073,0.991719473189803,0.9922587956994156,0.9984073486701073,0.991719473189803,0.00023877103969744572,0.00020532709747333598,1562166.0,438325.0,746.0,746.0,unfiltered_not_run_no_padding
564,Feature 564,78.3125,7.831250000000001,dynamic_0.1_max,1562166,438325,0.1963515281677246,2.074991464614868,0.0,8.5,0.2006787806749344,2.080807685852051,0.0,8.640625,18175,5253,0.011634486987938541,0.011984258255860377,15,0.7421293029183226,0.8278986757262479,0.7417123616670468,0.7421293029183226,0.8278986757262479,0.7417123616670468,0.011634486987938541,0.011984258255860377,1562166.0,438325.0,36350.0,36350.0,unfiltered_not_run_no_padding
565,Feature 565,126.625,12.662500000000001,dynamic_0.1_max,1562166,438325,0.1819540411233902,2.270310401916504,0.0,0.0,0.17894533276557922,2.2462453842163086,0.0,0.0,7626,2093,0.004881683508666813,0.004774995722352136,15,0.8068359832147071,0.88294413994256,0.8093199701781832,0.8068359832147071,0.88294413994256,0.8093199701781832,0.004881683508666813,0.004774995722352136,1562166.0,438325.0,15252.0,15252.0,unfiltered_not_run_no_padding
566,Feature 566,117.3125,11.731250000000001,dynamic_0.1_max,1562166,438325,0.04734199494123459,0.9072519540786743,0.0,0.0,0.04173661768436432,0.7826481461524963,0.0,0.0,1687,411,0.0010799108417415308,0.000937660411794901,15,0.7540133311957941,0.8091971407422407,0.7572950724462592,0.7540133311957941,0.8091971407422407,0.7572950724462592,0.0010799108417415308,0.000937660411794901,1562166.0,438325.0,3374.0,3374.0,unfiltered_not_run_no_padding
567,Feature 567,117.75,11.775,dynamic_0.1_max,1562166,438325,0.09734681248664856,1.4005444049835205,0.0,0.0,0.09133216738700867,1.3211424350738525,0.0,0.0,4562,1199,0.0029203042442352478,0.002735413220783665,15,0.7397221887996848,0.7929213898575828,0.741528556052475,0.7397221887996848,0.7929213898575828,0.741528556052475,0.0029203042442352478,0.002735413220783665,1562166.0,438325.0,9124.0,9124.0,unfiltered_not_run_no_padding
568,Feature 568,95.1875,9.51875,dynamic_0.1_max,1562166,438325,0.041798923164606094,0.9837836027145386,0.0,0.0,0.03859295696020126,0.9986465573310852,0.0,0.0,2649,686,0.0016957224776368196,0.00156504876518565,15,0.6803867701788133,0.8307239605080208,0.6814228674848607,0.6803867701788133,0.8307239605080208,0.6814228674848607,0.0016957224776368196,0.00156504876518565,1562166.0,438325.0,5298.0,5298.0,unfiltered_not_run_no_padding
569,Feature 569,74.625,7.4625,dynamic_0.1_max,1562166,438325,0.09869425743818283,1.2067912817001343,0.0,0.0,0.06611687690019608,0.9597907066345215,0.0,0.0,11895,2300,0.0076144276600566135,0.005247248046540809,15,0.7409958304145904,0.8312124090411648,0.7446767845880397,0.7409958304145904,0.8312124090411648,0.7446767845880397,0.0076144276600566135,0.005247248046540809,1562166.0,438325.0,23790.0,23790.0,unfiltered_not_run_no_padding
570,Feature 570,120.875,12.0875,dynamic_0.1_max,1562166,438325,0.10463390499353409,1.3581297397613525,0.0,0.0,0.1161072701215744,1.454350471496582,0.0,0.0,4708,1485,0.003013764222240146,0.003387897108310044,15,0.8634538553128884,0.8916965376069396,0.8632330693314121,0.8634538553128884,0.8916965376069396,0.8632330693314121,0.003013764222240146,0.003387897108310044,1562166.0,438325.0,9416.0,9416.0,unfiltered_not_run_no_padding
571,Feature 571,174.375,17.4375,dynamic_0.1_max,1562166,438325,0.055344998836517334,2.0615720748901367,0.0,0.0,0.0449245348572731,1.8733383417129517,0.0,0.0,1111,243,0.0007111920244071373,0.0005543831631780072,15,0.9912454896214913,0.9974302873526713,0.9847143260831921,0.9912454896214913,0.9974302873526713,0.9847143260831921,0.0007111920244071373,0.0005543831631780072,1562166.0,438325.0,2222.0,2222.0,unfiltered_not_run_no_padding
572,Feature 572,106.1875,10.61875,dynamic_0.1_max,1562166,438325,0.018311578780412674,0.5375756621360779,0.0,0.0,0.015305851586163044,0.48397040367126465,0.0,0.0,2054,496,0.0013148410604250764,0.0011315804482974962,15,0.9931275989211873,0.9969839017464397,0.9942142264777256,0.9931275989211873,0.9969839017464397,0.9942142264777256,0.0013148410604250764,0.0011315804482974962,1562166.0,438325.0,4108.0,4108.0,unfiltered_not_run_no_padding
573,Feature 573,93.0,9.3,dynamic_0.1_max,1562166,438325,0.1792626529932022,2.558480978012085,0.0,0.0,0.17061211168766022,2.407572031021118,0.0,0.0,9424,2639,0.006032649539165492,0.006020646780357041,15,0.8615007662618588,0.8802563691933163,0.8608124491943144,0.8615007662618588,0.8802563691933163,0.8608124491943144,0.006032649539165492,0.006020646780357041,1562166.0,438325.0,18848.0,18848.0,unfiltered_not_run_no_padding
574,Feature 574,30.078125,3.0078125,dynamic_0.1_max,1562166,438325,0.00399614404886961,0.31328925490379333,0.0,0.0,0.005885580088943243,0.35678791999816895,0.0,0.0,275,145,0.00017603762980374684,0.00033080476815148575,15,0.8488420047815336,0.7493505030998125,0.8369960148639908,0.8488420047815336,0.7493505030998125,0.8369960148639908,0.00017603762980374684,0.00033080476815148575,1562166.0,438325.0,550.0,550.0,unfiltered_not_run_no_padding
575,Feature 575,125.6875,12.568750000000001,dynamic_0.1_max,1562166,438325,0.07386895269155502,1.25963294506073,0.0,0.0,0.0766073539853096,1.1771700382232666,0.0,0.0,2763,824,0.0017686980769009183,0.0018798836479780984,15,0.7443250948020026,0.7718781524893268,0.7425976840485667,0.7443250948020026,0.7718781524893268,0.7425976840485667,0.0017686980769009183,0.0018798836479780984,1562166.0,438325.0,5526.0,5526.0,unfiltered_not_run_no_padding
576,Feature 576,118.9375,11.89375,dynamic_0.1_max,1562166,438325,0.06251079589128494,1.0569732189178467,0.0,0.0,0.05436204373836517,0.9610600471496582,0.0,0.0,2747,671,0.0017584558875305186,0.0015308275822734272,15,0.8250198982970556,0.8657829889056826,0.8222519682013809,0.8250198982970556,0.8657829889056826,0.8222519682013809,0.0017584558875305186,0.0015308275822734272,1562166.0,438325.0,5494.0,5494.0,unfiltered_not_run_no_padding
577,Feature 577,68.8125,6.8812500000000005,dynamic_0.1_max,1562166,438325,0.015364134684205055,0.51510089635849,0.0,0.0,0.011309477500617504,0.41221025586128235,0.0,0.0,1835,424,0.001174651093417729,0.0009673187703188274,15,0.6386314545852593,0.7697954409700511,0.6453098320275976,0.6386314545852593,0.7697954409700511,0.6453098320275976,0.001174651093417729,0.0009673187703188274,1562166.0,438325.0,3670.0,3670.0,unfiltered_not_run_no_padding
578,Feature 578,143.375,14.3375,dynamic_0.1_max,1562166,438325,0.06208229437470436,1.420822024345398,0.0,0.0,0.058043573051691055,1.3490018844604492,0.0,0.0,2624,675,0.00167971905674557,0.00153995323105002,15,0.9841522017847848,0.9843926746808501,0.9851431187613984,0.9841522017847848,0.9843926746808501,0.9851431187613984,0.00167971905674557,0.00153995323105002,1562166.0,438325.0,5248.0,5248.0,unfiltered_not_run_no_padding
579,Feature 579,111.5,11.15,dynamic_0.1_max,1562166,438325,0.06917612999677658,1.7185747623443604,0.0,0.0,0.06481495499610901,1.6606640815734863,0.0,0.0,2516,654,0.0016105842784953713,0.0014920435749729082,15,0.9802630258270674,0.9840830548034918,0.9795967698552731,0.9802630258270674,0.9840830548034918,0.9795967698552731,0.0016105842784953713,0.0014920435749729082,1562166.0,438325.0,5032.0,5032.0,unfiltered_not_run_no_padding
580,Feature 580,64.6875,6.46875,dynamic_0.1_max,1562166,438325,0.006595599930733442,0.34815433621406555,0.0,0.0,0.003719575237482786,0.22198426723480225,0.0,0.0,814,156,0.0005210713842190907,0.0003559003022871157,15,0.6340911459581424,0.7154332530985146,0.6379929816917029,0.6340911459581424,0.7154332530985146,0.6379929816917029,0.0005210713842190907,0.0003559003022871157,1562166.0,438325.0,1628.0,1628.0,unfiltered_not_run_no_padding
581,Feature 581,148.0,14.8,dynamic_0.1_max,1562166,438325,0.04585755616426468,1.403198003768921,0.0,0.0,0.045120880007743835,1.4548766613006592,0.0,0.0,1021,266,0.0006535797091986383,0.0006068556436434153,15,0.9900737269795102,0.9922125623652129,0.9887997714868189,0.9900737269795102,0.9922125623652129,0.9887997714868189,0.0006535797091986383,0.0006068556436434153,1562166.0,438325.0,2042.0,2042.0,unfiltered_not_run_no_padding
582,Feature 582,81.9375,8.19375,dynamic_0.1_max,1562166,438325,0.06815844774246216,1.1733849048614502,0.0,0.0,0.06096382439136505,1.0855143070220947,0.0,0.0,6128,1545,0.00392275852886313,0.0035247818399589347,15,0.9469515197345209,0.9600280287440405,0.946746170229886,0.9469515197345209,0.9600280287440405,0.946746170229886,0.00392275852886313,0.0035247818399589347,1562166.0,438325.0,12256.0,12256.0,unfiltered_not_run_no_padding
583,Feature 583,98.375,9.8375,dynamic_0.1_max,1562166,438325,0.0516347661614418,1.1510869264602661,0.0,0.0,0.04905863106250763,1.1207091808319092,0.0,0.0,3413,900,0.002184787020073411,0.00205327097473336,15,0.9897641729058315,0.9865457888018899,0.9891867342338052,0.9897641729058315,0.9865457888018899,0.9891867342338052,0.002184787020073411,0.00205327097473336,1562166.0,438325.0,6826.0,6826.0,unfiltered_not_run_no_padding
584,Feature 584,24.53125,2.453125,dynamic_0.1_max,1562166,438325,0.22602955996990204,1.4541515111923218,0.0,9.1015625,0.2329249083995819,1.471329689025879,0.0,9.109375,38232,11109,0.02447371150057036,0.025344208064792106,15,0.64042088580329,0.7130970689433613,0.656135854496767,0.64042088580329,0.7130970689433613,0.656135854496767,0.02447371150057036,0.025344208064792106,1562166.0,438325.0,76464.0,76464.0,unfiltered_not_run_no_padding
585,Feature 585,99.5625,9.95625,dynamic_0.1_max,1562166,438325,0.07691780477762222,1.234937071800232,0.0,0.0,0.08028357475996017,1.2079614400863647,0.0,0.0,4944,1496,0.0031648365154535434,0.003412992642445674,15,0.7737509428211136,0.8361142572486696,0.7752575147401319,0.7737509428211136,0.8361142572486696,0.7752575147401319,0.0031648365154535434,0.003412992642445674,1562166.0,438325.0,9888.0,9888.0,unfiltered_not_run_no_padding
586,Feature 586,63.25,6.325,dynamic_0.1_max,1562166,438325,0.1485496312379837,1.8864985704421997,0.0,0.0,0.13934831321239471,1.806500792503357,0.0,0.0,12596,3405,0.008063163581847256,0.007768208521074545,15,0.949988888195618,0.9624435837306249,0.9491119152603285,0.949988888195618,0.9624435837306249,0.9491119152603285,0.008063163581847256,0.007768208521074545,1562166.0,438325.0,25192.0,25192.0,unfiltered_not_run_no_padding
587,Feature 587,180.875,18.087500000000002,dynamic_0.1_max,1562166,438325,0.04131822660565376,1.091693639755249,0.0,0.0,0.03851061314344406,1.0549404621124268,0.0,0.0,2126,527,0.0013609309125918755,0.0012023042263160897,15,0.9973426893792517,0.9981922424552622,0.9958209609167661,0.9973426893792517,0.9981922424552622,0.9958209609167661,0.0013609309125918755,0.0012023042263160897,1562166.0,438325.0,4252.0,4252.0,unfiltered_not_run_no_padding
588,Feature 588,114.75,11.475000000000001,dynamic_0.1_max,1562166,438325,0.07359879463911057,1.3120276927947998,0.0,0.0,0.10376588255167007,1.5864273309707642,0.0,0.0,3201,1362,0.002049078010915613,0.003107283408429818,15,0.7252007240753251,0.7379612291423997,0.7284333606702649,0.7252007240753251,0.7379612291423997,0.7284333606702649,0.002049078010915613,0.003107283408429818,1562166.0,438325.0,6402.0,6402.0,unfiltered_not_run_no_padding
589,Feature 589,119.625,11.9625,dynamic_0.1_max,1562166,438325,0.009149152785539627,0.7470841407775879,0.0,0.0,0.018923217430710793,0.8402001857757568,0.0,0.0,250,235,0.00016003420891249714,0.0005361318656248217,15,0.9198311480736252,0.9777909863075838,0.9121610151999274,0.9198311480736252,0.9777909863075838,0.9121610151999274,0.00016003420891249714,0.0005361318656248217,1562166.0,438325.0,500.0,500.0,unfiltered_not_run_no_padding
590,Feature 590,137.625,13.762500000000001,dynamic_0.1_max,1562166,438325,0.051700953394174576,1.2912991046905518,0.0,0.0,0.048865318298339844,1.2490195035934448,0.0,0.0,2375,632,0.0015203249846687228,0.0014418525067016483,15,0.9904616598501921,0.9894064906108544,0.990408093968644,0.9904616598501921,0.9894064906108544,0.990408093968644,0.0015203249846687228,0.0014418525067016483,1562166.0,438325.0,4750.0,4750.0,unfiltered_not_run_no_padding
591,Feature 591,66.875,6.6875,dynamic_0.1_max,1562166,438325,0.10395116358995438,1.4558448791503906,0.0,0.0,0.10413944721221924,1.41454017162323,0.0,0.0,9962,2949,0.006377043156745186,0.006727884560542976,15,0.8427449871044685,0.8936528998468058,0.8468046189163947,0.8427449871044685,0.8936528998468058,0.8468046189163947,0.006377043156745186,0.006727884560542976,1562166.0,438325.0,19924.0,19924.0,unfiltered_not_run_no_padding
592,Feature 592,147.625,14.762500000000001,dynamic_0.1_max,1562166,438325,0.01820819266140461,0.7628844380378723,0.0,0.0,0.016295235604047775,0.5724751949310303,0.0,0.0,446,129,0.0002855010286998949,0.00029430217304511494,15,0.7956446041171905,0.8070421533077725,0.7932773225050048,0.7956446041171905,0.8070421533077725,0.7932773225050048,0.0002855010286998949,0.00029430217304511494,1562166.0,438325.0,892.0,892.0,unfiltered_not_run_no_padding
593,Feature 593,78.75,7.875,dynamic_0.1_max,1562166,438325,0.005733075551688671,0.5200288891792297,0.0,0.0,0.008773491717875004,0.5866167545318604,0.0,0.0,266,127,0.00017027639828289695,0.0002897393486568186,15,0.9735793670807786,0.9851188599063171,0.973763334541215,0.9735793670807786,0.9851188599063171,0.973763334541215,0.00017027639828289695,0.0002897393486568186,1562166.0,438325.0,532.0,532.0,unfiltered_not_run_no_padding
594,Feature 594,119.1875,11.918750000000001,dynamic_0.1_max,1562166,438325,0.026829469949007034,1.2657432556152344,0.0,0.0,0.019296273589134216,1.04708731174469,0.0,0.0,871,201,0.00055755918385114,0.0004585638510237837,15,0.9614008558244103,0.9890626502476797,0.9668235635691589,0.9614008558244103,0.9890626502476797,0.9668235635691589,0.00055755918385114,0.0004585638510237837,1562166.0,438325.0,1742.0,1742.0,unfiltered_not_run_no_padding
595,Feature 595,67.75,6.775,dynamic_0.1_max,1562166,438325,0.009979578666388988,0.47697681188583374,0.0,0.0,0.01085748989135027,0.481926828622818,0.0,0.0,991,309,0.0006343756041291386,0.000704956367991787,15,0.8961371710025459,0.9588397245230745,0.901469851436025,0.8961371710025459,0.9588397245230745,0.901469851436025,0.0006343756041291386,0.000704956367991787,1562166.0,438325.0,1982.0,1982.0,unfiltered_not_run_no_padding
596,Feature 596,69.875,6.987500000000001,dynamic_0.1_max,1562166,438325,0.11340989917516708,1.2522131204605103,0.0,0.0,0.10077550262212753,1.175135612487793,0.0,0.0,15188,3823,0.009722398259852025,0.008721838818228484,15,0.790394357478819,0.8559376744900518,0.7883422401178695,0.790394357478819,0.8559376744900518,0.7883422401178695,0.009722398259852025,0.008721838818228484,1562166.0,438325.0,30376.0,30376.0,unfiltered_not_run_no_padding
597,Feature 597,147.25,14.725000000000001,dynamic_0.1_max,1562166,438325,0.015834935009479523,0.7597010135650635,0.0,0.0,0.020050762221217155,0.9588359594345093,0.0,0.0,433,136,0.00027717924983644505,0.0003102720584041522,15,0.9537973591975422,0.9804545292234227,0.9507509048271273,0.9537973591975422,0.9804545292234227,0.9507509048271273,0.00027717924983644505,0.0003102720584041522,1562166.0,438325.0,866.0,866.0,unfiltered_not_run_no_padding
598,Feature 598,132.375,13.2375,dynamic_0.1_max,1562166,438325,0.0890231728553772,1.669925332069397,0.0,0.0,0.1234419047832489,2.069683074951172,0.0,0.0,3909,1491,0.0025022948905558053,0.003401585581474933,15,0.8352928962080168,0.9182338959748686,0.8338374254156746,0.8352928962080168,0.9182338959748686,0.8338374254156746,0.0025022948905558053,0.003401585581474933,1562166.0,438325.0,7818.0,7818.0,unfiltered_not_run_no_padding
599,Feature 599,101.0625,10.106250000000001,dynamic_0.1_max,1562166,438325,0.09783302992582321,1.5368510484695435,0.0,0.0,0.11888284236192703,1.7505370378494263,0.0,0.0,5834,1922,0.003734558299182033,0.004384874237152798,15,0.6969563472085272,0.8083195003030199,0.7028761027177137,0.6969563472085272,0.8083195003030199,0.7028761027177137,0.003734558299182033,0.004384874237152798,1562166.0,438325.0,11668.0,11668.0,unfiltered_not_run_no_padding
600,Feature 600,79.4375,7.9437500000000005,dynamic_0.1_max,1562166,438325,0.13341334462165833,1.545069932937622,0.0,0.0,0.12177864462137222,1.4740800857543945,0.0,0.0,12391,3147,0.007931935530539008,0.007179604174984315,15,0.7958413239749692,0.9119885419256608,0.7985791325594751,0.7958413239749692,0.9119885419256608,0.7985791325594751,0.007931935530539008,0.007179604174984315,1562166.0,438325.0,24782.0,24782.0,unfiltered_not_run_no_padding
